Country,Country-EN,Country-FR,Country-DE,Country-RU,Country-NL,Country-CZ,Country-HR,Link,PPI Member
AR,Argentina,Argentine,Argentinien,Аргентина,Argentinië,Argentina,Argentina,http://www.partidopirata.com.ar/,
AU,Australia,Australie,Australien,Австралия,Australië,Austrálie,Australija,http://www.pirateparty.org.au,yes
AT,Austria,Autriche,Österreich,Австрия,Oostenrijk,Rakousko,Austrija,http://www.piratenpartei.at,yes
BE,Belgium,Belgique,Belgien,Бельгия,België,Belgie,Belgija,http://pirateparty.be/,yes
BA,Bosnia and Herzegovina,Bosnie-Herzégovine,Bosnien und Herzegowina,Босния и Герцеговина,Bosnië en Herzegovina,Bosna a Hercegovina,Bosna i Hercegovina,http://www.piratskapartija.ba/,
BR,Brazil,Brésil,Brasilien,Бразилия,Brazilië,Brazílie,Brazil,http://www.partidopirata.org,yes
BG,Bulgaria,Bulgarie,Bulgarien,Болгария,bulgarije,Bulharsko,Bugarska,http://pirateparty.efb.bg/,yes
CA,Canada,Canada,Kanada,Канада,Canada,Kanada,Kanada,http://pirateparty.ca/,yes
catalonia,Spain :: Catalonia,Espagne:: Catalogne,Spanien :: Katalonien,Испания:: Каталония,Spanje:: Catalonië,Španělsko: Katalánsko,Španjolska :: Katalonija,http://www.pirata.cat/,yes
CL,Chile,Chili,Chile,Чили,chili,Chile,Čile,http://www.partidopirata.cl/,
CN,China,Chine,China,Китай,China,Čína,Kina,https://www.facebook.com/CNPirates,
CY,Cyprus,Chypre,Zypern,Кипр,Cyprus,Kypr,Kipar,http://www.piratepartycyprus.com/,
CZ,Czech Republic,République Tchèque,TschechischeliRepublik,Чешская республика,Tsjechische Republiek,česká republika,Češka,http://pirati.cz/,yes
DK,Denmark,Danemark,Dänemark,Дания,Denemarken,Dánsko,Danska,http://www.piratpartiet.dk,yes
EE,Estonia,Estonie,Estland,Эстония,Estland,Estonsko,Estonija,http://piraadipartei.ee/,
europeanunion,Europe,Europe,Europa,Европа,Europa,Evropa,Europa,http://ppeu.net/,
FI,Finland,Finlande,Finnland,Финляндия,Finland,Finsko,Finska,http://www.piraattipuolue.fi,yes
FR,France,France,Frankreich,Франция,Frankrijk,Francie,Francuska,http://www.partipirate.org,yes
DE,Germany,Allemagne,Deutschland,Германия,Duitsland,Německo,Njemačka,http://piratenpartei.de,yes
GR,Greece,Grèce,Griechenland,Греция,Griekenland,Řecko,Grčka,http://pirateparty.gr/,yes
GT,Guatemala,Guatemala,Guatemala,Гватемала,Guatemala,Guatemala,Gvatemala,http://www.partidopirata.org.gt/,
IE,Ireland,Irlande,Irland,Ирландия,Ierland,Irsko,Irska,http://pirateparty.ie/,yes
IT,Italy,Italie,Italien,Италия,Italië,Itálie,Italija,http://www.partito-pirata.it,yes
KZ,Kazakhstan,Kazakhstan,Kasachstan,Казахстан,Kazachstan,Kazachstán,Kazahstan,http://pirateparty.kz/,yes
LV,Latvia,Lettonie,Lettland,Латвия,Letland,Lotyšsko,Letonija,http://piratupartija.lv/,
LT,Lithuania,Lituanie,Littauen,Литва,Litouwen,Litva,Litvanija,http://piratupartija.lt/,
LU,Luxembourg,Luxembourg,Luxemburg,Люксембург,luxemburg,Lucembursko,Luksemburg,http://www.piratepartei.lu,yes
MX,Mexico,Mexique,Mexiko,Мексика,Mexico,Mexiko,Meksiko,https://www.facebook.com/PPirataMx,
NL,Netherlands,Pays-Bas,Niederlande,Нидерланды,Nederland,Nizozemí,Nizozemska,http://piratenpartij.nl,yes
NZ,New Zealand,nouvelle-Zélande,Neuseeland,Новая Зеландия,nieuw-Zeeland,nový Zéland,Novi Zeland,http://pirateparty.org.nz/,yes
NO,Norway,Norvège,Norwegen,Норвегия,Noorwegen,Norsko,Norveška,http://piratpartietnorge.org/,
PE,Peru,Pérou,Peru,Перу,Peru,Peru,Peru,http://wiki.freeculture.org/Pirata,
PL,Poland,Pologne,Polen,Польша,Polen,Polsko,Poljska,http://partiapiratow.blog.pl/,
PT,Portugal,Portugal,Portugal,Португалия,Portugal,Portugalsko,Portugal,http://partidopiratapt.eu,yes
KR,Republic of Korea,République de Corée,Republik Korea,Республика Корея,Republiek Korea,Korejské republiky,Republika Koreja,http://pirateparty.kr/,
RO,Romania,Roumanie,Rumänien,Румыния,Roemenië,Rumunsko,Rumunija,http://www.partidulpiratilor.ro/,yes
RU,Russia,Russie,Russland,Россия,Rusland,Rusko,Rusija,http://pirate-party.ru/,yes
RS,Serbia,Serbie,Serbien,Сербии,servië,Srbsko,Srbija,http://piratskapartija.com,yes
SK,Slovakia,Slovaquie,Slovakei,Словакия,Slowakije,Slovensko,Slovačka,http://www.piratskastrana.sk/,
SI,Slovenia,Slovénie,Slowenien,Словения,Slovenië,Slovinsko,Slovenija,http://www.piratskastranka.net/,yes
ZA,South Africa,Afrique du Sud,Südafrika,ЮАР,Zuid-Afrika,Jižní Afrika,Južna Afrika,https://www.facebook.com/PiratePartySouthAfrica,
ES,Spain,Espagne,Spanien,Испания,Spanje,Španělsko,Španjolska,http://www.partidopirata.es,yes
SE,Sweden,Suède,Schweden,Швеция,Zweden,Švédsko,Švedska,http://www.piratpartiet.se,
CH,Switzerland,Suisse,Schweiz,Швейцария,Zwitserland,Švýcarsko,Švajcarska,http://pirateparty.ch/ ,yes
TN,Tunisia,Tunisie,Tunesien,Тунис,Tunesië,Tunisko,Tunis,http://partipirate-tunisie.org/,
TR,Turkey,Turquie,Türkei,Турция,Turkije,Turecko,Turska,http://korsanpartisi.org,
UA,Ukraine,Ukraine,Ukraine,Украина,Oekraïne,Ukrajina,Ukrajina,http://www.pp-ua.org,
GB,United Kingdom,Royaume-Uni,Vereinigtes Königreich,Великобритания,Verenigd Koninkrijk,Spojené království,Ujedinjeno Kraljevstvo,http://www.pirateparty.org.uk,yes
US,United States,Etats-Unis,Vereinigte Staaten,Соединенные Штаты,Verenigde Staten,Spojené státy,Sjedinjene Države,http://www.pirate-party.us,
UY,Uruguay,Uruguay,Uruguay,Уругвай,Uruguay,Uruguay,Urugvaj,http://partidopirata.org.uy/,
PP,PP-International,PP-International,PP-International,PP-International,PP-International,PP-International,PP-International,http://www.pp-international.net,
BO,Bolivia,Bolivie,Bolivien,Боливия,Bolivia,Bolívie,Bolivija,http://www.facebook.com/pages/Partido-Pirata-Boliviano/179377808754819 ,
CO,Colombia,Colombie,Kolumbien,Колумбия,Colombia,Kolumbie,Kolumbija,http://pp.interlecto.net/,
CR,Costa Rica,Costa Rica,Costa Rica,Коста-Рика,Costa Rica,Kostarika,Kostarika,http://www.facebook.com/group.php?gid=117638966194 ,
EC,Ecuador,Equateur,Ecuador,Эквадор,Ecuador,Ekvádor,Ekvador,http://www.facebook.com/pages/Partido-Pirata-de-Ecuador/106331816101687 ,
SV,El Salvador,El Salvador,El Salvador,Сальвадор,El Salvador,El Salvador,El Salvador,http://www.facebook.com/pages/Partido-Pirata-de-El-Salvador/186339448051845,
NP,Nepal,Népal,Nepal,Непал,Nepal,Nepál,Nepal,https://www.facebook.com/pages/Pirate-Party-Nepal/124512924230771,
TW,Taiwan,Taiwan,Taiwan,Тайвань,Taiwan,Tchaj-wan,Tajvan,http://www.facebook.com/pages/Pirate-Party-Taiwan/200678743528,
VE,Venezuela,Venezuela,Venezuela,Венесуэла,Venezuela,Venezuela,Venezuela,http://ppirata.org/,
MO,Morocco,Maroc,Marokko,Марокко,Marokko,Maroko,Maroko,http://www.facebook.com/PPMaroc,yes
IL,Israel,Israël,Israel,Израиль,Israël,Izrael,Izrael,https://www.facebook.com/pages/%D7%9E%D7%A4%D7%9C%D7%92%D7%AA-%D7%94%D7%A4%D7%99%D7%A8%D7%90%D7%98%D7%99%D7%9D-%D7%94%D7%99%D7%A9%D7%A8%D7%90%D7%9C%D7%99%D7%AA/122998211089382,
BY,Belarus,Biélorussie,Weißrussland,Беларусь,Belarus,Bělorusko,Bjelorusija,http://ppb.by, 
HR,Croatia,Croatie,Kroatien,Хорватия,Kroatië,Chorvatsko,Hrvatska,http://pirati.hr ,yes
